id,tipo,testo
1,busta_paga,"CEDOLINO PAGA marzo 2026 - retribuzione lorda 2.450,00 EUR - trattenute IRPEF 512,30 - netto in busta 1.703,45"
2,busta_paga,"Busta paga mese 03/2026. Totale competenze 2.450,00. Totale trattenute 746,55. Netto a pagare 1.703,45 EUR"
3,busta_paga,"PROSPETTO PAGA - periodo aprile 2026 - imponibile previdenziale 2.380,00 - contributi INPS 224,25 - netto 1.688,10"
4,busta_paga,"Cedolino: qualifica impiegato, livello 3, retribuzione lorda mensile 2.100,00 euro, ferie residue 12,5 giorni"
5,busta_paga,"Foglio paga 05/2026 - lordo 3.120,00 - IRPEF 689,40 - addizionale regionale 42,10 - netto in busta 2.201,80"
6,busta_paga,"LUL libro unico del lavoro - mese giugno - ore ordinarie 168 - straordinari 8 - totale netto 1.945,20 EUR"
7,cu,"CERTIFICAZIONE UNICA 2026 redditi 2025 - dati fiscali - redditi di lavoro dipendente 29.400,00 - ritenute IRPEF 6.148,00"
8,cu,"Certificazione Unica - sezione dati anagrafici sostituto d'imposta - codice fiscale del sostituto - periodo d'imposta 2025"
9,cu,"CU 2026 - punto 1 redditi lavoro dipendente 31.200,00 - punto 21 ritenute a titolo d'acconto 6.980,00"
10,cu,"Certificazione unica redditi 2025: totale imponibile 28.150,00 euro, detrazioni per lavoro dipendente riconosciute"
11,cu,"CERTIFICAZIONE UNICA - il sostituto d'imposta attesta le somme corrisposte nel periodo d'imposta e le ritenute operate"
12,estratto_conto,"ESTRATTO CONTO trimestrale - saldo iniziale 4.210,33 - saldo finale 3.987,12 - valuta 31/03/2026"
13,estratto_conto,"Movimenti conto corrente: bonifico in entrata 1.703,45 accredito stipendio, addebito utenze 118,90, saldo 3.550,20"
14,estratto_conto,"Estratto conto n. 2 del 30/06/2026 - totale entrate 5.110,00 - totale uscite 4.902,77 - competenze e spese 4,50"
15,estratto_conto,"Rendiconto di conto corrente - elenco movimenti dal 01/01/2026 al 31/03/2026 - saldo contabile disponibile"
16,estratto_conto,"ESTRATTO CONTO - data valuta 15/04/2026 - causale accredito emolumenti - importo 1.688,10 EUR - saldo progressivo"
17,altro,"Contratto di locazione ad uso abitativo - canone mensile 650,00 euro - durata 4 anni rinnovabili"
18,altro,"Fattura n. 118/2026 - imponibile 1.200,00 - IVA 22% 264,00 - totale documento 1.464,00 euro"
19,altro,"Visura camerale ordinaria - sezione attività e qualifiche - data iscrizione registro imprese"
20,altro,"Certificato di residenza anagrafica rilasciato dal comune - valido sei mesi dalla data di emissione"
21,altro,"Preventivo di spesa per ristrutturazione - manodopera 3.400,00 - materiali 2.150,00 - totale 5.550,00"
22,busta_paga,"cedolino  paga  LUGLIO 2026 – lordo 2.450,00 – netto in busta 1.703,45 – trattenute totali 746,55"
23,cu,"certificazione  unica  2026 — redditi da lavoro dipendente punto 1: 29.400,00 — ritenute: 6.148,00"
24,estratto_conto,"estratto conto  agosto  2026 : saldo iniziale 3.987,12 ; accredito stipendio 1.703,45 ; saldo finale 4.120,57"
25,altro,"Ricevuta di pagamento contributo unificato - importo versato 43,00 euro - data operazione 12/09/2026"
26,busta_paga,"Cedolino settembre: retribuzione lorda 2.450,00 EUR; IRPEF 512,30; INPS 224,25; netto a pagare 1.703,45"
27,cu,"CU - Certificazione Unica - dati previdenziali INPS - imponibile previdenziale annuo 28.560,00 euro"
28,estratto_conto,"Lista movimenti: 03/05 bonifico ricevuto 1.688,10; 07/05 pagamento POS 62,40; 31/05 saldo finale 3.774,55"
29,altro,"Dichiarazione sostitutiva di atto di notorieta ai sensi del DPR 445/2000 resa dall'interessato"
30,busta_paga,"PROSPETTO PAGA ottobre 2026 - totale competenze 2.600,00 - totale trattenute 812,15 - netto 1.787,85 EUR"
